{"count":12,"results":[{"id":1,"name":"Flag 1","description":"Use a Dossier open source tool found within https://osintframework.com/ to find information about the WHOIS domain for the website totalrekall.xyz.\r\n\r\n* Look for Flag1.","max_attempts":0,"value":10,"category":"Reconnaissance","type":"standard","state":"visible","requirements":null,"connection_info":null},{"id":2,"name":"Flag 2","description":"Flag 2 can be found in the txt record","max_attempts":0,"value":10,"category":"Reconnaissance","type":"standard","state":"visible","requirements":null,"connection_info":null},{"id":3,"name":"Flag 3","description":"SSL certificate research about totalrekall.xyz will lead you to Flag 3.","max_attempts":0,"value":10,"category":"Reconnaissance","type":"standard","state":"visible","requirements":null,"connection_info":null},{"id":4,"name":"Flag 4","description":"Run an Nmap or Zenmap scan on your network to determine the available hosts.\r\n\r\n* Your network begins with 192.168.13.\r\n\r\n* The flag is the count of hosts returned (not including the host you are scanning from).","max_attempts":0,"value":10,"category":"Scanning","type":"standard","state":"visible","requirements":null,"connection_info":null},{"id":5,"name":"Flag 5","description":"Run an agressive scan against the discovered hosts. The flag is the IP address of the host running Drupal.","max_attempts":0,"value":10,"category":"Scanning","type":"standard","state":"visible","requirements":null,"connection_info":null},{"id":6,"name":"Flag 6","description":"* Run a Nessus scan against the host that ends with .12.\r\n\r\n* View the details of the one critical vulnerability. The flag is the ID number at the top right of the page.","max_attempts":0,"value":20,"category":"Scanning","type":"standard","state":"visible","requirements":null,"connection_info":null},{"id":7,"name":"Flag 7","description":"* Use an RCE exploit through Metasploit to exploit the host that ends with .10.\r\n\r\n* Using the results from the agressive Nmap scan, try to to determine which exploit works. You may have to try many before finding the one that works.\r\n\r\n* Once you have access to the host, search that server for Flag 7.","max_attempts":0,"value":50,"category":"Exploit","type":"standard","state":"visible","requirements":null,"connection_info":null},{"id":8,"name":"Flag 8","description":"* Use an RCE exploit through Metasploit to exploit the host that ends with .11.\r\n\r\n* You will use the \"Shocking\" exploit.\r\n\r\n* You may have to try many exploits before you find the one that works.\r\n\r\n* **Free Hint 1**: You will need to set the TARGETURI option to `/cgi-bin/shockme.cgi`\r\n\r\n* Once you have access to the host, search that server for Flag 8.\r\n\r\n* **Free Hint 2**: Check your `sudo` privileges.","max_attempts":0,"value":50,"category":"Exploit","type":"standard","state":"visible","requirements":null,"connection_info":null},{"id":9,"name":"Flag 9","description":"On the same server that you exploited to find Flag 8, continue to search for Flag 9.","max_attempts":0,"value":30,"category":"Exploit","type":"standard","state":"visible","requirements":null,"connection_info":null},{"id":10,"name":"Flag 10","description":"* Use an RCE exploit through Metasploit to exploit the host that ends with .12.\r\n\r\n* Using the results from the Nessus scan, try to determine which exploit works. You may have to try many before you find the one that works.\r\n\r\n* Once you have access to the host, search for a file which contains the flag.\r\n\r\n* You will need to use a Meterpreter feature to access the flag within the file\r\n\r\n*Hint* - It may look like you get an error when you connect to the host, but the session was actually created.  Search how to manually connect to your session.","max_attempts":0,"value":70,"category":"Post Exploitation","type":"standard","state":"visible","requirements":null,"connection_info":null},{"id":11,"name":"Flag 11","description":"* Use an RCE exploit through Metasploit to exploit the host that ends with .13.\r\n\r\n* Using the results from the Nmap scan, try to to determine which exploit works. You may have to try many before you find the one that works.\r\n\r\n* Once you have access to the host, use a Meterpreter command to determine  user that the Meterpreter server is running as on the host\r\n\r\n* The username is the flag\r\n\r\n","max_attempts":0,"value":50,"category":"Post Exploitation","type":"standard","state":"visible","requirements":null,"connection_info":null},{"id":12,"name":"Flag 12","description":"* Exploit the host that ends with .14.\r\n\r\n* The exploit to access this host does NOT use a CVE.\r\n\r\n* The hint for this exploit was displayed when viewing Flag 1.\r\n\r\n* With this information, try and guess the password to access the host.\r\n\r\n* Once you have accessed this host, use a privilege-escalation vulnerabilty to access the final flag.\r\n\r\n* **Free Hint**: CVE-2019-14287","max_attempts":0,"value":100,"category":"Post Exploitation","type":"standard","state":"visible","requirements":null,"connection_info":null}],"meta":{}}