{"count":12,"results":[{"id":1,"challenge_id":1,"type":"static","content":"h8s692hskasd","data":""},{"id":2,"challenge_id":2,"type":"static","content":"7sk67cjsdbs","data":"case_insensitive"},{"id":3,"challenge_id":3,"type":"static","content":"s7euwehd","data":""},{"id":4,"challenge_id":4,"type":"static","content":"5","data":""},{"id":5,"challenge_id":5,"type":"static","content":"192.168.13.13","data":""},{"id":6,"challenge_id":6,"type":"static","content":"97610","data":""},{"id":7,"challenge_id":7,"type":"static","content":"8ks6sbhss","data":""},{"id":8,"challenge_id":8,"type":"static","content":"9dnx5shdf5","data":""},{"id":9,"challenge_id":9,"type":"static","content":"wudks8f7sd","data":""},{"id":10,"challenge_id":10,"type":"static","content":"wjasdufsdkg","data":""},{"id":11,"challenge_id":11,"type":"static","content":"www-data","data":"case_insensitive"},{"id":12,"challenge_id":12,"type":"static","content":"d7sdfksdf384","data":""}],"meta":{}}